date,people,last_name,email,gender,ip_address
9/16/2018,1,Habbershon,mhabbershon0@seesaa.net,Female,205.185.61.59
4/26/2019,2,Painswick,mpainswick1@mit.edu,Female,0.46.147.29
8/6/2018,3,Quarles,gquarles2@woothemes.com,Female,97.139.162.22
10/17/2018,4,Steer,lsteer3@cocolog-nifty.com,Female,21.18.245.149
8/16/2018,5,Sainsbury-Brown,isainsburybrown4@ebay.co.uk,Male,213.251.32.49
7/10/2018,6,Gander,vgander5@nbcnews.com,Female,29.218.73.217
9/9/2018,7,Ewert,sewert6@histats.com,Male,178.221.116.243
6/2/2019,8,Farbrace,afarbrace7@yolasite.com,Male,178.205.65.233
6/23/2018,9,O'Dea,sodea8@mlb.com,Female,155.140.214.98
6/28/2018,10,Goude,wgoude9@last.fm,Male,48.182.183.199
12/9/2018,11,Kinchin,mkinchina@tripod.com,Female,60.159.90.227
9/12/2018,12,Dunkerly,adunkerlyb@icq.com,Female,166.127.141.200
9/30/2018,13,Tunkin,htunkinc@sphinn.com,Male,151.220.62.83
3/6/2019,14,Ramsell,jramselld@jigsy.com,Male,96.106.0.113
4/30/2019,15,Goldsack,sgoldsacke@cafepress.com,Female,73.253.55.120
12/30/2018,16,Larwell,plarwellf@quantcast.com,Male,198.122.68.94
10/12/2018,17,Shaxby,mshaxbyg@fc2.com,Female,85.113.78.239
2/18/2019,18,Goeff,ggoeffh@engadget.com,Female,37.194.22.51
7/16/2018,19,Gregorin,mgregorini@oracle.com,Male,6.239.164.193
9/21/2018,20,Nulty,gnultyj@wikipedia.org,Male,196.167.149.55
2/10/2019,21,Brammer,jbrammerk@spiegel.de,Male,138.102.232.205
9/8/2018,22,Saiger,bsaigerl@is.gd,Female,215.114.150.78
1/10/2019,23,O'Duane,goduanem@guardian.co.uk,Male,185.124.243.86
3/20/2019,24,Heustace,kheustacen@last.fm,Female,81.193.36.198
5/15/2019,25,Abbatt,jabbatto@narod.ru,Female,206.136.18.122
12/2/2018,26,Ragot,zragotp@indiatimes.com,Male,162.109.239.193
8/23/2018,27,Goodenough,lgoodenoughq@mysql.com,Female,4.240.82.102
12/10/2018,28,Bengoechea,abengoechear@cdbaby.com,Female,88.173.125.15
1/17/2019,29,Angliss,fanglisss@aboutads.info,Female,130.213.135.110
12/17/2018,30,Spalding,gspaldingt@ucoz.com,Male,44.186.2.76
3/27/2019,31,Naish,mnaishu@mozilla.org,Male,185.228.227.137
2/18/2019,32,Batchelor,sbatchelorv@prlog.org,Male,26.97.43.53
6/13/2019,33,Eddis,neddisw@ow.ly,Male,48.239.11.240
1/6/2019,34,Balharry,kbalharryx@slideshare.net,Female,49.60.37.169
7/7/2018,35,Semeradova,gsemeradovay@youku.com,Female,105.87.148.190
7/10/2018,36,Praill,ipraillz@bloomberg.com,Female,227.49.107.223
6/13/2019,37,Chapiro,lchapiro10@cargocollective.com,Female,74.218.59.174
2/1/2019,38,Deadman,jdeadman11@jalbum.net,Male,103.215.81.168
10/11/2018,39,Davidovich,tdavidovich12@apache.org,Male,192.177.243.97
3/25/2019,40,Klimas,dklimas13@dailymail.co.uk,Female,222.253.168.202
10/5/2018,41,Yashunin,yyashunin14@yale.edu,Male,180.66.200.198
1/3/2019,42,Grant,bgrant15@mtv.com,Female,208.109.205.21
10/16/2018,43,Patkin,mpatkin16@hubpages.com,Female,174.13.197.199
7/11/2018,44,Oaks,soaks17@rambler.ru,Male,37.164.136.81
11/28/2018,45,Risbie,orisbie18@bravesites.com,Female,54.44.208.237
12/5/2018,46,Marzelle,lmarzelle19@tinypic.com,Male,39.252.218.128
3/19/2019,47,O' Flaherty,hoflaherty1a@xinhuanet.com,Male,183.36.178.190
10/10/2018,48,Ulyatt,dulyatt1b@dailymail.co.uk,Male,196.96.171.27
6/21/2019,49,McJerrow,mmcjerrow1c@creativecommons.org,Male,131.197.135.108
5/31/2019,50,Silly,dsilly1d@fotki.com,Male,192.137.236.65
8/28/2018,51,Mockler,amockler1e@kickstarter.com,Male,172.10.18.158
6/14/2019,52,O'Cullinane,cocullinane1f@etsy.com,Female,53.238.131.100
7/12/2018,53,Lockney,glockney1g@w3.org,Female,4.105.206.49
11/18/2018,54,Benbow,abenbow1h@google.ru,Male,82.94.52.127
5/27/2019,55,Sadry,csadry1i@telegraph.co.uk,Male,226.17.103.9
5/10/2019,56,Caroli,ccaroli1j@cbsnews.com,Female,129.134.47.175
2/3/2019,57,Barnett,lbarnett1k@fc2.com,Female,79.196.173.97
3/17/2019,58,Thys,ethys1l@facebook.com,Male,97.166.35.59
3/9/2019,59,Popley,lpopley1m@army.mil,Male,98.82.189.33
7/29/2018,60,Lodovichi,ilodovichi1n@netscape.com,Female,137.67.24.21
7/10/2018,61,Gatenby,bgatenby1o@smh.com.au,Male,132.29.165.227
4/18/2019,62,Badland,wbadland1p@dedecms.com,Female,200.153.153.148
1/12/2019,63,Rohfsen,urohfsen1q@ustream.tv,Female,192.117.137.43
3/28/2019,64,Grinikhin,bgrinikhin1r@ucoz.ru,Female,80.242.117.202
10/2/2018,65,Bevan,bbevan1s@diigo.com,Male,133.145.17.154
7/31/2018,66,Bluck,rbluck1t@amazon.com,Male,114.28.162.0
9/11/2018,67,Malenoir,nmalenoir1u@nationalgeographic.com,Female,225.36.101.117
9/23/2018,68,Gymlett,pgymlett1v@elegantthemes.com,Male,168.175.131.198
7/28/2018,69,Abazi,rabazi1w@blog.com,Female,140.121.63.197
9/26/2018,70,Balazot,abalazot1x@so-net.ne.jp,Female,63.70.51.113
9/6/2018,71,Karle,kkarle1y@tripod.com,Female,94.184.60.101
11/15/2018,72,Lucio,rlucio1z@amazonaws.com,Male,85.224.91.41
11/15/2018,73,Chaffen,mchaffen20@1688.com,Male,12.15.145.144
3/16/2019,74,Hagan,thagan21@squidoo.com,Male,80.157.236.83
11/11/2018,75,Umbert,lumbert22@networksolutions.com,Female,234.189.63.2
3/6/2019,76,Wychard,dwychard23@state.tx.us,Male,63.10.172.69
7/28/2018,77,Banthorpe,rbanthorpe24@alexa.com,Male,183.124.119.176
11/18/2018,78,Darlaston,odarlaston25@gravatar.com,Male,249.178.235.197
7/23/2018,79,Fenn,lfenn26@apache.org,Male,164.237.19.83
5/8/2019,80,Beaman,kbeaman27@google.co.uk,Female,170.101.52.183
7/13/2018,81,Trewman,dtrewman28@cnbc.com,Male,120.24.157.103
2/22/2019,82,Biskupski,mbiskupski29@edublogs.org,Female,215.213.87.227
3/9/2019,83,Yves,ryves2a@census.gov,Female,164.83.194.120
3/12/2019,84,Gratrix,sgratrix2b@xinhuanet.com,Male,172.216.114.89
7/1/2018,85,Tomas,ltomas2c@hhs.gov,Male,235.16.58.238
1/25/2019,86,Ten Broek,itenbroek2d@exblog.jp,Male,136.53.165.42
12/16/2018,87,Bogaert,mbogaert2e@mediafire.com,Female,28.224.213.104
4/13/2019,88,Brise,dbrise2f@1und1.de,Male,236.210.59.26
2/11/2019,89,de Guerre,adeguerre2g@odnoklassniki.ru,Female,170.167.200.16
2/21/2019,90,Ewdale,rewdale2h@i2i.jp,Female,146.54.253.138
9/12/2018,91,Ripping,aripping2i@fastcompany.com,Male,1.116.129.13
4/17/2019,92,Dahlback,edahlback2j@google.cn,Female,52.89.92.111
6/21/2019,93,Normansell,bnormansell2k@plala.or.jp,Female,138.10.251.15
3/9/2019,94,Wilshaw,gwilshaw2l@senate.gov,Female,148.40.42.133
5/30/2019,95,Gilliard,fgilliard2m@over-blog.com,Female,15.209.79.62
3/30/2019,96,Chinnock,dchinnock2n@topsy.com,Male,217.0.255.23
11/17/2018,97,Yuryichev,kyuryichev2o@bandcamp.com,Male,105.195.55.55
10/27/2018,98,McCrystal,dmccrystal2p@ifeng.com,Female,154.74.214.250
8/13/2018,99,Balderstone,lbalderstone2q@mozilla.org,Female,82.229.85.4
4/21/2019,100,Lindl,blindl2r@unicef.org,Male,243.192.61.249
3/20/2019,101,Reynolds,vreynolds2s@va.gov,Male,89.74.236.157
3/20/2019,102,Cavil,lcavil2t@quantcast.com,Male,17.37.167.40
9/18/2018,103,Peinke,dpeinke2u@usnews.com,Male,123.144.122.24
5/9/2019,104,Rowlin,srowlin2v@issuu.com,Male,76.177.147.164
9/8/2018,105,Brason,abrason2w@time.com,Male,24.182.163.46
11/20/2018,106,Umbert,jumbert2x@artisteer.com,Female,243.30.129.187
7/29/2018,107,Francomb,sfrancomb2y@tripod.com,Female,236.185.102.159
8/15/2018,108,Stanbro,dstanbro2z@sciencedaily.com,Male,192.162.153.225
10/15/2018,109,Bucksey,cbucksey30@uiuc.edu,Female,73.27.67.158
2/2/2019,110,Applegarth,mapplegarth31@freewebs.com,Female,255.127.153.137
9/24/2018,111,Binner,ebinner32@lulu.com,Female,244.88.173.2
3/31/2019,112,Chastagnier,mchastagnier33@berkeley.edu,Male,131.9.1.120
4/23/2019,113,Gottelier,ogottelier34@army.mil,Male,216.63.10.213
6/29/2018,114,MacCostigan,fmaccostigan35@dropbox.com,Male,139.243.96.64
4/19/2019,115,Dunsmuir,kdunsmuir36@ebay.co.uk,Male,54.161.95.230
8/10/2018,116,Casillis,lcasillis37@weather.com,Female,185.156.79.15
5/28/2019,117,Jahnke,hjahnke38@geocities.com,Male,227.10.112.138
12/6/2018,118,Rubartelli,hrubartelli39@samsung.com,Male,206.115.123.31
7/31/2018,119,Yewdall,eyewdall3a@xinhuanet.com,Male,119.218.53.29
3/18/2019,120,Wadie,mwadie3b@trellian.com,Male,186.172.243.108
5/13/2019,121,Souster,rsouster3c@livejournal.com,Female,164.184.43.170
11/22/2018,122,Oliff,ooliff3d@acquirethisname.com,Female,83.158.40.81
5/9/2019,123,Montacute,lmontacute3e@soundcloud.com,Female,69.1.213.194
11/30/2018,124,Tryhorn,ctryhorn3f@usda.gov,Female,235.40.204.67
1/5/2019,125,Hargey,jhargey3g@desdev.cn,Male,207.124.250.94
7/22/2018,126,Stern,sstern3h@simplemachines.org,Female,229.32.246.227
8/20/2018,127,Hellin,xhellin3i@hao123.com,Male,226.236.107.34
8/7/2018,128,Morrill,wmorrill3j@deliciousdays.com,Female,252.247.156.52
12/6/2018,129,Zannolli,gzannolli3k@spiegel.de,Female,156.51.175.69
3/20/2019,130,McGookin,tmcgookin3l@mail.ru,Female,50.21.183.86
10/3/2018,131,Juorio,cjuorio3m@bravesites.com,Female,179.226.229.219
9/6/2018,132,Meneo,pmeneo3n@sohu.com,Female,228.242.77.44
10/25/2018,133,Maiden,kmaiden3o@blogtalkradio.com,Male,123.48.39.83
6/10/2019,134,Andreas,aandreas3p@tamu.edu,Male,88.199.0.35
2/13/2019,135,Bennallck,vbennallck3q@hud.gov,Male,184.152.232.188
3/9/2019,136,Cruce,rcruce3r@is.gd,Male,80.30.252.199
4/30/2019,137,Syplus,ssyplus3s@narod.ru,Male,124.32.133.178
4/12/2019,138,Hawkwood,phawkwood3t@msu.edu,Female,207.202.58.81
3/17/2019,139,Duplain,sduplain3u@nps.gov,Female,216.163.82.111
3/29/2019,140,Rosenhaus,orosenhaus3v@mozilla.com,Male,83.106.112.235
10/27/2018,141,Jarad,djarad3w@vinaora.com,Female,39.241.203.183
8/21/2018,142,Jarritt,mjarritt3x@woothemes.com,Male,17.232.158.199
2/25/2019,143,Marconi,fmarconi3y@about.com,Male,112.162.181.141
3/20/2019,144,Yorke,cyorke3z@blogtalkradio.com,Male,251.128.36.219
4/17/2019,145,Bredee,ebredee40@go.com,Female,180.110.40.9
6/26/2018,146,Cleveland,wcleveland41@jalbum.net,Female,124.143.8.31
4/14/2019,147,Chretien,nchretien42@yahoo.com,Male,89.58.194.1
3/5/2019,148,Asbury,gasbury43@who.int,Male,128.84.181.172
12/16/2018,149,Durtnal,xdurtnal44@admin.ch,Male,203.110.10.152
10/24/2018,150,Feely,jfeely45@storify.com,Female,204.131.91.129
5/10/2019,151,Paddington,cpaddington46@smh.com.au,Male,228.118.116.186
3/25/2019,152,Cossington,fcossington47@technorati.com,Female,205.44.115.51
6/13/2019,153,Aizlewood,raizlewood48@topsy.com,Male,98.33.176.23
12/8/2018,154,Rivenzon,drivenzon49@hugedomains.com,Male,251.159.51.48
2/16/2019,155,Lackey,llackey4a@vinaora.com,Female,120.14.37.196
5/20/2019,156,Kaplan,akaplan4b@wordpress.com,Male,202.233.158.112
9/9/2018,157,Calbaithe,fcalbaithe4c@sourceforge.net,Female,219.187.24.181
6/17/2019,158,Pattle,fpattle4d@pbs.org,Male,193.36.46.236
4/1/2019,159,Thurner,athurner4e@wordpress.org,Male,225.32.87.64
8/17/2018,160,McCourt,kmccourt4f@msu.edu,Female,50.223.69.21
3/28/2019,161,Baptista,wbaptista4g@rediff.com,Male,54.201.139.48
11/28/2018,162,Stouther,ostouther4h@nasa.gov,Male,75.190.19.113
12/5/2018,163,Mickan,mmickan4i@google.com.br,Male,140.120.233.67
9/9/2018,164,Kristoffersson,pkristoffersson4j@auda.org.au,Female,216.182.94.247
5/27/2019,165,Dumingos,mdumingos4k@foxnews.com,Male,160.13.25.37
5/13/2019,166,Woodyear,kwoodyear4l@google.com.au,Female,50.146.195.235
2/1/2019,167,Swinfen,hswinfen4m@google.es,Male,33.104.186.32
7/15/2018,168,Bartoloma,cbartoloma4n@discuz.net,Female,29.151.207.132
7/11/2018,169,Hands,ahands4o@altervista.org,Male,177.76.130.139
2/3/2019,170,Este,jeste4p@xrea.com,Female,206.103.25.30
8/20/2018,171,Stirley,jstirley4q@examiner.com,Female,148.152.171.44
3/21/2019,172,Jankin,kjankin4r@mtv.com,Female,221.169.89.87
6/7/2019,173,Shovelbottom,eshovelbottom4s@linkedin.com,Male,108.100.149.164
7/9/2018,174,Hacun,jhacun4t@wikimedia.org,Male,145.47.199.230
4/11/2019,175,Pilsbury,jpilsbury4u@answers.com,Female,41.186.57.235
4/10/2019,176,Dimbleby,cdimbleby4v@prweb.com,Female,68.55.245.60
4/11/2019,177,Fowls,sfowls4w@sfgate.com,Male,38.134.120.146
9/13/2018,178,Brecon,lbrecon4x@mozilla.com,Male,16.252.165.180
4/1/2019,179,Winterbotham,nwinterbotham4y@prnewswire.com,Male,200.250.217.91
9/7/2018,180,Donkersley,wdonkersley4z@samsung.com,Female,82.143.211.226
9/23/2018,181,Boni,rboni50@over-blog.com,Female,27.53.225.236
12/27/2018,182,Benez,ibenez51@devhub.com,Female,73.87.162.165
11/8/2018,183,Bedder,rbedder52@netlog.com,Male,181.218.177.133
11/10/2018,184,Batchan,abatchan53@yahoo.com,Female,128.110.173.238
4/2/2019,185,O'Scannill,poscannill54@theatlantic.com,Male,82.74.140.242
3/12/2019,186,Linscott,llinscott55@marriott.com,Male,148.163.101.194
6/26/2018,187,Backshaw,dbackshaw56@springer.com,Male,42.225.199.16
11/27/2018,188,Pettegree,rpettegree57@elegantthemes.com,Male,116.17.76.222
9/22/2018,189,Rivenzon,drivenzon58@earthlink.net,Female,98.242.3.76
1/19/2019,190,Been,jbeen59@weebly.com,Female,224.62.203.94
10/27/2018,191,Dranfield,jdranfield5a@hp.com,Male,0.248.45.197
3/27/2019,192,Stearley,hstearley5b@economist.com,Male,248.107.89.51
12/22/2018,193,Huckin,shuckin5c@yahoo.co.jp,Female,108.194.159.34
12/22/2018,194,Chainey,nchainey5d@tinyurl.com,Male,104.227.183.49
7/10/2018,195,Tolhurst,ltolhurst5e@wikimedia.org,Female,116.37.143.147
4/19/2019,196,Ilyas,rilyas5f@elpais.com,Male,241.190.6.52
7/6/2018,197,Pauer,lpauer5g@hibu.com,Female,101.60.99.6
8/22/2018,198,Brownsword,sbrownsword5h@elegantthemes.com,Female,225.66.100.248
11/3/2018,199,Micah,jmicah5i@livejournal.com,Male,70.132.135.187
11/18/2018,200,Emblen,bemblen5j@tinyurl.com,Male,101.219.182.122
1/25/2019,201,Anten,santen5k@webnode.com,Male,233.216.77.28
2/3/2019,202,Sellwood,vsellwood5l@mit.edu,Female,121.96.169.72
12/11/2018,203,McAleese,pmcaleese5m@yellowpages.com,Male,184.181.155.254
8/14/2018,204,Garbar,agarbar5n@auda.org.au,Male,38.217.116.208
8/23/2018,205,De'Ath,mdeath5o@creativecommons.org,Male,103.164.174.87
10/18/2018,206,Guiet,cguiet5p@statcounter.com,Male,102.68.217.126
12/13/2018,207,Husband,phusband5q@altervista.org,Female,174.53.3.26
5/15/2019,208,Abby,habby5r@pcworld.com,Female,71.12.210.16
3/29/2019,209,Rawstorn,brawstorn5s@skype.com,Male,158.79.149.83
10/13/2018,210,Boldry,mboldry5t@uiuc.edu,Male,251.132.4.62
6/4/2019,211,Dudek,sdudek5u@ibm.com,Female,47.26.160.184
10/24/2018,212,Inglese,singlese5v@addthis.com,Male,38.109.65.52
8/23/2018,213,Domenc,mdomenc5w@smh.com.au,Male,12.32.23.227
1/20/2019,214,Adolfson,fadolfson5x@reuters.com,Male,46.31.16.8
7/18/2018,215,Fidilis,mfidilis5y@bravesites.com,Male,24.135.184.248
4/25/2019,216,Bradburne,abradburne5z@ft.com,Female,148.146.127.151
11/6/2018,217,Fawson,sfawson60@scientificamerican.com,Male,153.156.32.53
10/28/2018,218,Spatari,mspatari61@time.com,Male,234.31.79.25
12/12/2018,219,Pott,cpott62@instagram.com,Female,72.97.179.254
10/25/2018,220,Dumphrey,ddumphrey63@nih.gov,Male,45.45.154.201
4/1/2019,221,Wind,lwind64@cyberchimps.com,Female,88.160.33.75
5/28/2019,222,Ruprecht,truprecht65@spiegel.de,Male,48.179.146.51
7/23/2018,223,Beiderbeck,zbeiderbeck66@berkeley.edu,Female,134.163.107.228
12/6/2018,224,Giovannini,lgiovannini67@discovery.com,Female,29.154.72.29
5/10/2019,225,Griffin,ggriffin68@rediff.com,Male,209.65.120.12
4/8/2019,226,Mityushkin,jmityushkin69@oakley.com,Female,65.158.36.143
5/23/2019,227,Tejero,ltejero6a@clickbank.net,Male,120.8.247.172
11/16/2018,228,Rowler,browler6b@diigo.com,Male,153.9.251.19
9/30/2018,229,Mincher,rmincher6c@fda.gov,Male,158.20.243.208
3/3/2019,230,Scurlock,nscurlock6d@behance.net,Male,243.138.100.190
3/19/2019,231,Houdhury,thoudhury6e@opensource.org,Female,70.46.43.69
12/2/2018,232,Rosel,erosel6f@time.com,Female,101.94.161.72
3/25/2019,233,Normadell,bnormadell6g@ucoz.com,Female,85.28.105.208
12/14/2018,234,Draycott,sdraycott6h@sourceforge.net,Male,188.195.145.120
9/25/2018,235,Blackford,cblackford6i@hud.gov,Female,196.125.238.4
2/4/2019,236,Swainson,eswainson6j@ucsd.edu,Male,244.39.246.34
6/10/2019,237,McGuinness,gmcguinness6k@mysql.com,Female,236.9.39.202
4/12/2019,238,Milkins,cmilkins6l@newyorker.com,Male,172.242.92.220
8/3/2018,239,Tilte,rtilte6m@prweb.com,Female,94.83.55.98
11/2/2018,240,Keaysell,tkeaysell6n@ebay.com,Female,92.230.118.221
1/9/2019,241,Chelley,gchelley6o@uol.com.br,Female,127.182.214.179
8/29/2018,242,Alexandersson,kalexandersson6p@marketwatch.com,Male,170.69.170.127
12/11/2018,243,Sinnott,dsinnott6q@hubpages.com,Male,26.12.94.167
1/11/2019,244,Denyukhin,mdenyukhin6r@squidoo.com,Female,179.12.17.171
10/12/2018,245,Jago,sjago6s@washington.edu,Female,234.21.201.226
3/20/2019,246,MacAnespie,amacanespie6t@istockphoto.com,Male,1.126.184.223
1/12/2019,247,Sander,jsander6u@tinypic.com,Male,141.107.228.116
11/4/2018,248,Pittock,bpittock6v@mozilla.org,Male,222.138.201.235
1/22/2019,249,Camilio,lcamilio6w@seesaa.net,Male,252.99.100.239
2/1/2019,250,Mullender,lmullender6x@apache.org,Female,11.212.145.146
3/27/2019,251,Mathey,amathey6y@google.com.br,Male,145.11.57.35
12/2/2018,252,Shuter,jshuter6z@squidoo.com,Male,231.244.183.207
5/7/2019,253,Ivers,sivers70@addthis.com,Female,224.119.49.93
1/24/2019,254,Pawlik,mpawlik71@xinhuanet.com,Male,98.251.109.227
9/2/2018,255,Muzzlewhite,lmuzzlewhite72@arizona.edu,Female,191.67.22.88
8/16/2018,256,Wield,owield73@comsenz.com,Male,221.68.58.157
4/14/2019,257,Rattenberie,erattenberie74@about.com,Female,164.155.182.165
4/29/2019,258,Hovard,ghovard75@ucoz.ru,Male,59.70.255.23
8/14/2018,259,Leeb,mleeb76@miibeian.gov.cn,Female,222.101.68.48
9/10/2018,260,Hounihan,nhounihan77@nsw.gov.au,Male,108.176.190.199
6/26/2018,261,Weth,eweth78@yandex.ru,Male,80.195.198.127
2/28/2019,262,Zecchetti,azecchetti79@google.com.au,Male,240.52.224.216
9/9/2018,263,Shoebottom,fshoebottom7a@marketwatch.com,Female,201.45.29.136
3/30/2019,264,Hatter,shatter7b@cnbc.com,Female,105.7.135.9
2/17/2019,265,Lergan,llergan7c@com.com,Female,196.26.21.48
1/31/2019,266,Bolduc,tbolduc7d@uol.com.br,Female,221.144.182.69
1/31/2019,267,O' Kelleher,aokelleher7e@amazon.de,Male,151.124.237.127
3/29/2019,268,Clemmitt,dclemmitt7f@rambler.ru,Female,215.124.89.255
7/31/2018,269,Lucia,glucia7g@bandcamp.com,Male,49.103.60.195
9/29/2018,270,Baty,abaty7h@w3.org,Female,154.137.42.105
10/2/2018,271,Palser,jpalser7i@spotify.com,Male,230.81.226.30
7/24/2018,272,Coaten,fcoaten7j@ehow.com,Male,114.36.4.166
1/16/2019,273,Banham,rbanham7k@macromedia.com,Male,76.25.191.5
9/23/2018,274,Arnfield,warnfield7l@macromedia.com,Male,49.108.53.114
10/24/2018,275,Randalson,srandalson7m@nydailynews.com,Male,34.87.57.8
3/26/2019,276,Cobson,mcobson7n@hud.gov,Female,60.17.20.76
1/4/2019,277,Palomba,mpalomba7o@eepurl.com,Female,96.210.216.116
8/15/2018,278,Zollner,azollner7p@slideshare.net,Male,88.30.71.3
9/14/2018,279,Hancox,chancox7q@cbc.ca,Female,147.86.51.242
10/29/2018,280,Perris,hperris7r@economist.com,Female,34.121.192.169
2/27/2019,281,Graddell,fgraddell7s@godaddy.com,Male,185.136.222.136
2/6/2019,282,Fice,ifice7t@ehow.com,Male,183.132.130.177
7/3/2018,283,Braysher,gbraysher7u@europa.eu,Female,240.53.223.87
12/14/2018,284,Moine,cmoine7v@bloglines.com,Female,7.106.177.68
11/4/2018,285,Costin,lcostin7w@youku.com,Male,46.184.59.93
9/7/2018,286,Durham,adurham7x@icio.us,Male,1.221.58.167
1/16/2019,287,Kettow,bkettow7y@dropbox.com,Female,209.185.89.63
1/15/2019,288,MacGaughey,amacgaughey7z@spotify.com,Female,207.92.49.139
11/3/2018,289,Stiggles,estiggles80@npr.org,Female,53.204.67.108
8/7/2018,290,Baszkiewicz,sbaszkiewicz81@meetup.com,Female,251.136.62.72
9/22/2018,291,Symones,psymones82@virginia.edu,Female,81.205.120.76
3/29/2019,292,Tillyer,ntillyer83@odnoklassniki.ru,Female,172.28.13.159
7/1/2018,293,Hadwick,mhadwick84@comcast.net,Male,175.134.169.211
6/30/2018,294,Struther,bstruther85@sun.com,Female,247.199.159.171
11/30/2018,295,Huggin,ehuggin86@netvibes.com,Male,195.114.174.13
12/27/2018,296,Loreit,aloreit87@fema.gov,Male,51.65.90.143
6/7/2019,297,Immings,dimmings88@goo.ne.jp,Female,50.16.180.145
8/11/2018,298,Browncey,abrowncey89@amazon.com,Female,233.121.11.154
8/21/2018,299,Fountain,cfountain8a@wiley.com,Male,148.231.128.203
7/11/2018,300,Kirwood,skirwood8b@dmoz.org,Female,198.115.116.165
1/14/2019,301,Sandland,ssandland8c@globo.com,Male,145.143.26.220
4/8/2019,302,Dy,ldy8d@example.com,Male,135.9.117.181
11/21/2018,303,McConnal,tmcconnal8e@sfgate.com,Female,122.143.103.56
12/21/2018,304,Asgodby,easgodby8f@about.com,Male,92.70.241.128
3/3/2019,305,Lacase,nlacase8g@usda.gov,Male,81.109.213.89
9/24/2018,306,Campsall,ecampsall8h@earthlink.net,Female,196.101.162.68
11/10/2018,307,Waryk,lwaryk8i@huffingtonpost.com,Female,76.57.177.37
6/17/2019,308,Ungerecht,wungerecht8j@redcross.org,Male,140.132.209.220
2/12/2019,309,Valentine,fvalentine8k@tmall.com,Female,199.158.209.21
1/4/2019,310,Glassman,kglassman8l@ed.gov,Male,130.166.73.255
1/7/2019,311,Sabati,asabati8m@networksolutions.com,Male,251.127.48.146
3/7/2019,312,Starford,mstarford8n@gravatar.com,Female,110.53.250.123
3/21/2019,313,Nasey,fnasey8o@over-blog.com,Male,122.197.5.72
12/27/2018,314,Showler,sshowler8p@marketwatch.com,Female,161.197.136.172
12/31/2018,315,Quartermaine,jquartermaine8q@sun.com,Female,113.74.168.80
3/26/2019,316,Sykes,msykes8r@arizona.edu,Male,59.39.58.189
6/24/2018,317,Origin,aorigin8s@shareasale.com,Male,244.149.20.34
6/16/2019,318,Caen,acaen8t@scribd.com,Female,73.141.14.222
5/19/2019,319,Melan,omelan8u@last.fm,Female,218.132.69.54
8/29/2018,320,Arnoll,narnoll8v@cbc.ca,Female,52.116.229.135
1/28/2019,321,Stansell,rstansell8w@ca.gov,Male,141.78.81.186
6/30/2018,322,Ungerechts,kungerechts8x@springer.com,Male,106.71.195.106
9/12/2018,323,Hardeman,khardeman8y@craigslist.org,Female,93.151.157.45
12/18/2018,324,Klosterman,sklosterman8z@nifty.com,Female,43.31.144.193
11/2/2018,325,Thurlbeck,ethurlbeck90@amazon.co.jp,Male,210.190.125.33
8/13/2018,326,Farries,sfarries91@telegraph.co.uk,Female,29.46.218.32
12/12/2018,327,Leonarde,mleonarde92@howstuffworks.com,Male,106.204.115.196
2/24/2019,328,Melchior,tmelchior93@purevolume.com,Male,185.66.198.191
6/21/2019,329,MacMoyer,lmacmoyer94@icq.com,Female,27.240.140.50
3/5/2019,330,Summerton,jsummerton95@g.co,Female,176.158.144.249
11/2/2018,331,Cousen,mcousen96@google.ru,Male,2.138.110.165
8/27/2018,332,Bahl,gbahl97@arizona.edu,Female,59.110.229.83
10/24/2018,333,Jachimak,tjachimak98@ehow.com,Male,222.17.179.21
3/14/2019,334,Borrington,hborrington99@abc.net.au,Female,91.135.156.153
3/9/2019,335,O'Fearguise,tofearguise9a@google.it,Female,10.159.195.11
4/21/2019,336,Auletta,fauletta9b@jimdo.com,Male,127.212.171.130
2/14/2019,337,Bolens,abolens9c@nsw.gov.au,Female,36.139.93.118
2/14/2019,338,Menhenitt,amenhenitt9d@discovery.com,Female,111.173.242.89
5/29/2019,339,Goodship,ogoodship9e@china.com.cn,Male,242.73.19.39
3/25/2019,340,McVity,emcvity9f@businessinsider.com,Female,202.137.125.41
3/30/2019,341,Gower,tgower9g@istockphoto.com,Female,144.125.140.132
6/27/2018,342,Deathridge,rdeathridge9h@tinyurl.com,Female,12.64.26.220
11/18/2018,343,Stump,mstump9i@wsj.com,Female,44.93.34.186
9/28/2018,344,Buncher,pbuncher9j@google.de,Male,1.203.111.121
8/7/2018,345,Rault,wrault9k@cisco.com,Female,172.24.173.234
3/18/2019,346,Folling,sfolling9l@delicious.com,Male,202.150.150.139
2/7/2019,347,Micklewicz,hmicklewicz9m@ca.gov,Female,174.214.65.252
4/3/2019,348,Dallin,cdallin9n@ycombinator.com,Female,254.242.28.30
5/31/2019,349,Seivwright,gseivwright9o@csmonitor.com,Male,176.216.254.106
9/29/2018,350,Pearle,bpearle9p@webs.com,Female,5.177.158.11
11/14/2018,351,Shrimptone,gshrimptone9q@clickbank.net,Male,207.134.129.77
10/15/2018,352,Noteyoung,vnoteyoung9r@hibu.com,Female,124.80.226.238
4/3/2019,353,Branchflower,cbranchflower9s@g.co,Male,24.90.114.204
8/7/2018,354,Gaudon,jgaudon9t@reference.com,Female,25.103.38.166
3/27/2019,355,Antonietti,bantonietti9u@springer.com,Female,237.186.104.93
1/4/2019,356,Gebuhr,dgebuhr9v@aboutads.info,Male,199.93.168.13
6/30/2018,357,Winchurch,jwinchurch9w@intel.com,Female,244.231.50.156
12/22/2018,358,Viles,aviles9x@lycos.com,Female,50.114.144.184
5/7/2019,359,Webb-Bowen,bwebbbowen9y@ibm.com,Female,23.191.190.28
2/3/2019,360,Hardaker,shardaker9z@t-online.de,Female,203.141.54.66
1/16/2019,361,Reville,brevillea0@cbslocal.com,Male,187.195.182.65
7/10/2018,362,Baish,cbaisha1@arstechnica.com,Female,150.53.178.117
4/7/2019,363,Bodycombe,kbodycombea2@economist.com,Female,237.97.81.28
7/16/2018,364,Nieass,snieassa3@imdb.com,Female,32.131.84.9
7/1/2018,365,McKelvie,rmckelviea4@washingtonpost.com,Male,231.62.207.3
6/5/2019,366,Traill,wtrailla5@addtoany.com,Female,35.2.101.109
11/4/2018,367,Conachy,cconachya6@mlb.com,Female,36.122.78.5
6/8/2019,368,Natalie,enataliea7@elpais.com,Female,228.9.89.195
11/5/2018,369,Tousey,stouseya8@imdb.com,Female,38.221.132.195
8/25/2018,370,Jonsson,hjonssona9@homestead.com,Female,123.60.5.246
9/28/2018,371,Sisley,ksisleyaa@admin.ch,Female,42.6.232.225
7/16/2018,372,Seakings,gseakingsab@msn.com,Female,9.154.232.115
3/5/2019,373,Dunham,cdunhamac@qq.com,Male,111.90.104.15
6/25/2018,374,Zannutti,jzannuttiad@privacy.gov.au,Male,60.209.97.248
7/10/2018,375,Traise,btraiseae@constantcontact.com,Male,6.123.196.38
7/19/2018,376,Stiller,hstilleraf@howstuffworks.com,Female,226.83.147.49
12/17/2018,377,Perritt,cperrittag@pinterest.com,Female,59.167.129.140
5/9/2019,378,Olyfant,colyfantah@state.gov,Male,146.149.169.184
4/29/2019,379,Crate,lcrateai@naver.com,Female,16.20.160.97
1/20/2019,380,Buss,ibussaj@goo.ne.jp,Male,213.141.120.232
5/5/2019,381,Brogioni,abrogioniak@sbwire.com,Female,44.64.186.186
2/16/2019,382,Potapczuk,lpotapczukal@va.gov,Male,224.117.199.120
12/17/2018,383,Grimmert,hgrimmertam@gravatar.com,Male,183.170.0.247
1/6/2019,384,Conachy,rconachyan@yale.edu,Male,24.195.80.80
3/22/2019,385,Iannello,jiannelloao@desdev.cn,Male,208.10.50.214
3/19/2019,386,McGlew,vmcglewap@furl.net,Female,197.53.154.234
7/24/2018,387,Lenglet,elengletaq@weebly.com,Male,108.129.20.34
5/8/2019,388,Da Costa,ldacostaar@pagesperso-orange.fr,Male,217.58.14.243
9/2/2018,389,Georghiou,ageorghiouas@tumblr.com,Male,146.191.145.10
10/6/2018,390,Cella,mcellaat@rambler.ru,Male,226.118.253.152
3/19/2019,391,Stoffels,pstoffelsau@aol.com,Female,192.124.114.26
5/23/2019,392,Annakin,bannakinav@wiley.com,Male,166.248.210.205
5/7/2019,393,Dorran,mdorranaw@globo.com,Male,248.12.66.90
7/10/2018,394,Ousley,eousleyax@google.com.hk,Male,238.52.96.105
11/5/2018,395,Huncoot,dhuncootay@simplemachines.org,Female,30.193.177.114
12/24/2018,396,Girardeau,pgirardeauaz@washingtonpost.com,Female,162.207.61.106
6/28/2018,397,Liebmann,tliebmannb0@flavors.me,Female,52.232.211.179
2/7/2019,398,Pantridge,cpantridgeb1@archive.org,Female,253.108.173.213
7/11/2018,399,Axston,baxstonb2@godaddy.com,Male,238.97.83.207
10/20/2018,400,Fenwick,mfenwickb3@slideshare.net,Female,146.249.253.224
8/24/2018,401,Whitta,awhittab4@scientificamerican.com,Male,161.24.137.55
11/3/2018,402,Deeth,mdeethb5@admin.ch,Male,127.163.232.240
5/19/2019,403,Motton,cmottonb6@cornell.edu,Male,70.236.153.212
6/27/2018,404,Downie,rdownieb7@rediff.com,Male,53.108.240.93
7/10/2018,405,Pentelow,opentelowb8@issuu.com,Female,176.104.87.38
1/9/2019,406,Espinas,zespinasb9@irs.gov,Female,206.82.83.142
3/1/2019,407,Blofeld,dblofeldba@booking.com,Male,175.64.5.96
11/1/2018,408,Barks,rbarksbb@pinterest.com,Male,78.187.127.245
6/27/2018,409,Kelley,dkelleybc@issuu.com,Female,124.196.245.232
9/20/2018,410,De Bischop,ldebischopbd@tuttocitta.it,Male,129.237.204.248
9/23/2018,411,Sumption,fsumptionbe@miibeian.gov.cn,Female,51.146.234.24
9/13/2018,412,De Mars,hdemarsbf@quantcast.com,Female,44.180.30.120
7/24/2018,413,Davisson,sdavissonbg@virginia.edu,Male,215.51.187.186
12/25/2018,414,Carnelley,acarnelleybh@posterous.com,Male,51.87.30.221
9/4/2018,415,Quin,fquinbi@earthlink.net,Male,59.229.7.21
8/7/2018,416,Mariet,gmarietbj@wordpress.org,Female,105.3.158.113
7/20/2018,417,Saulter,wsaulterbk@independent.co.uk,Male,217.200.163.90
10/23/2018,418,Mendel,vmendelbl@hibu.com,Female,35.143.242.152
1/5/2019,419,Dougher,wdougherbm@addtoany.com,Male,108.107.175.98
11/6/2018,420,Orteau,corteaubn@howstuffworks.com,Female,50.57.85.210
11/15/2018,421,Neagle,jneaglebo@dagondesign.com,Male,242.185.105.194
6/3/2019,422,Gatherell,agatherellbp@hatena.ne.jp,Female,162.127.171.27
8/7/2018,423,Bodd,bboddbq@marriott.com,Female,2.234.47.144
12/11/2018,424,Shawyer,wshawyerbr@photobucket.com,Female,144.65.130.129
7/14/2018,425,Scholard,escholardbs@geocities.com,Male,172.234.59.221
11/19/2018,426,Checkley,mcheckleybt@hugedomains.com,Female,20.132.209.221
8/25/2018,427,Morrowe,bmorrowebu@army.mil,Female,223.149.232.72
3/3/2019,428,Kermath,dkermathbv@hugedomains.com,Female,106.105.95.79
2/26/2019,429,Ferreres,sferreresbw@ehow.com,Male,93.54.230.9
8/21/2018,430,Lainge,tlaingebx@hhs.gov,Male,55.205.82.122
4/6/2019,431,Blastock,ablastockby@webnode.com,Male,191.229.105.228
6/5/2019,432,Bertolin,ibertolinbz@oracle.com,Female,246.194.124.90
8/14/2018,433,Dayly,kdaylyc0@google.cn,Female,230.115.19.65
1/31/2019,434,Pile,mpilec1@stumbleupon.com,Male,97.247.114.77
2/1/2019,435,Espinoy,nespinoyc2@uiuc.edu,Female,195.101.174.180
9/22/2018,436,Tigwell,ptigwellc3@netlog.com,Male,174.167.4.37
4/2/2019,437,Gianetti,dgianettic4@marriott.com,Male,106.220.79.21
8/15/2018,438,Milson,cmilsonc5@cornell.edu,Female,9.210.39.241
1/29/2019,439,Preto,ppretoc6@domainmarket.com,Male,227.223.207.6
2/23/2019,440,Cheston,tchestonc7@drupal.org,Male,226.74.149.130
1/19/2019,441,Arkill,darkillc8@fastcompany.com,Female,126.148.137.91
8/4/2018,442,Mardle,amardlec9@abc.net.au,Female,235.192.11.248
1/9/2019,443,Mattek,wmattekca@umich.edu,Female,164.215.179.62
9/13/2018,444,Kneller,aknellercb@mtv.com,Female,216.211.82.57
4/9/2019,445,Spiers,rspierscc@cisco.com,Male,79.173.87.162
8/20/2018,446,McPike,rmcpikecd@ning.com,Female,244.76.199.68
6/21/2019,447,Marti,mmartice@nbcnews.com,Female,171.79.144.208
10/9/2018,448,Garnsworth,sgarnsworthcf@nydailynews.com,Female,44.89.138.217
7/25/2018,449,Kenway,bkenwaycg@blinklist.com,Female,255.94.44.164
12/28/2018,450,Harrison,bharrisonch@t-online.de,Female,107.232.113.39
11/13/2018,451,Durrant,adurrantci@ucoz.ru,Female,10.95.60.206
12/7/2018,452,Bonallick,tbonallickcj@twitter.com,Male,162.231.91.5
8/15/2018,453,Aizik,vaizikck@opera.com,Male,28.246.79.124
8/25/2018,454,Read,nreadcl@opera.com,Female,42.166.228.43
7/8/2018,455,Caulket,scaulketcm@booking.com,Female,211.209.165.76
1/19/2019,456,Bradbeer,lbradbeercn@illinois.edu,Male,242.22.82.79
11/28/2018,457,Halton,khaltonco@constantcontact.com,Female,151.130.82.146
9/23/2018,458,Chedgey,lchedgeycp@vistaprint.com,Male,235.176.146.0
9/27/2018,459,Strongman,sstrongmancq@twitter.com,Female,151.243.83.93
5/1/2019,460,Ramel,tramelcr@wufoo.com,Male,249.45.123.158
9/16/2018,461,Girkins,ngirkinscs@ezinearticles.com,Female,174.194.172.84
12/20/2018,462,McGrirl,amcgrirlct@123-reg.co.uk,Female,180.147.124.198
11/11/2018,463,Codrington,pcodringtoncu@naver.com,Female,192.223.164.27
4/20/2019,464,Webling,wweblingcv@g.co,Female,18.161.180.74
3/26/2019,465,Safont,ksafontcw@ed.gov,Male,107.98.150.252
12/17/2018,466,Trattles,btrattlescx@feedburner.com,Male,92.115.131.191
8/2/2018,467,Brigman,pbrigmancy@parallels.com,Female,233.227.136.176
3/19/2019,468,Dakhno,adakhnocz@ovh.net,Male,204.224.223.32
2/4/2019,469,Bartolomeotti,bbartolomeottid0@opensource.org,Male,96.131.210.122
1/20/2019,470,Szimoni,rszimonid1@a8.net,Male,170.18.61.88
9/2/2018,471,Stobart,nstobartd2@odnoklassniki.ru,Female,106.212.216.186
8/28/2018,472,Giacobini,rgiacobinid3@unc.edu,Male,44.114.154.63
4/26/2019,473,Lob,rlobd4@ovh.net,Female,72.20.211.219
9/26/2018,474,Ruoss,jruossd5@qq.com,Female,71.146.8.137
12/22/2018,475,Lugton,alugtond6@weather.com,Male,4.140.162.104
1/2/2019,476,Spick,aspickd7@nih.gov,Female,199.220.38.243
6/17/2019,477,Stammirs,gstammirsd8@linkedin.com,Male,2.34.72.180
6/15/2019,478,Cunnane,mcunnaned9@msn.com,Female,21.10.42.143
11/12/2018,479,Sphinxe,rsphinxeda@deliciousdays.com,Male,27.43.55.107
2/1/2019,480,Kenwell,skenwelldb@theglobeandmail.com,Female,236.115.31.171
3/2/2019,481,Boal,tboaldc@imgur.com,Female,10.237.99.119
12/18/2018,482,Abethell,jabethelldd@ask.com,Female,255.116.32.40
1/12/2019,483,Bursnoll,ebursnollde@mayoclinic.com,Female,121.195.42.17
1/31/2019,484,Hamor,ahamordf@technorati.com,Female,235.187.212.36
10/16/2018,485,Lound,klounddg@mit.edu,Male,98.232.125.100
2/21/2019,486,Harder,hharderdh@nba.com,Male,59.85.152.152
2/8/2019,487,Loughney,lloughneydi@friendfeed.com,Male,249.52.133.187
9/29/2018,488,Hobgen,ahobgendj@patch.com,Female,100.241.57.118
10/28/2018,489,Lumly,glumlydk@wired.com,Female,46.46.180.32
3/2/2019,490,Seres,dseresdl@amazonaws.com,Female,74.194.131.1
5/2/2019,491,Ortas,oortasdm@hugedomains.com,Male,48.27.141.196
9/12/2018,492,Lyndon,ulyndondn@nytimes.com,Male,192.146.203.64
4/8/2019,493,Ranahan,lranahando@cnn.com,Male,229.227.33.142
6/5/2019,494,Magner,omagnerdp@wired.com,Male,68.7.59.156
12/17/2018,495,Kingdom,mkingdomdq@diigo.com,Male,207.136.234.204
11/25/2018,496,Loghan,eloghandr@discuz.net,Male,139.75.133.123
6/30/2018,497,Orro,horrods@abc.net.au,Female,233.58.87.134
8/23/2018,498,Andriveaux,sandriveauxdt@youtu.be,Male,97.227.216.175
6/12/2019,499,Ternault,dternaultdu@vinaora.com,Male,1.20.130.77
11/7/2018,500,Biddy,abiddydv@homestead.com,Female,152.240.42.84
10/14/2018,501,Sheraton,esheratondw@techcrunch.com,Male,4.195.212.100
10/27/2018,502,Humpage,shumpagedx@1688.com,Male,176.146.60.137
7/14/2018,503,Baldery,abalderydy@ebay.co.uk,Female,105.34.51.71
4/30/2019,504,Loveless,klovelessdz@g.co,Male,170.93.72.111
3/28/2019,505,Dudeney,cdudeneye0@prlog.org,Female,200.212.51.171
2/20/2019,506,Rattery,aratterye1@google.co.jp,Male,134.138.101.7
10/22/2018,507,Danshin,bdanshine2@home.pl,Female,91.124.73.216
7/25/2018,508,Ivankov,civankove3@webs.com,Female,253.66.154.58
5/3/2019,509,Bartolini,lbartolinie4@wsj.com,Male,107.118.180.236
11/14/2018,510,Wolsey,awolseye5@wikipedia.org,Female,244.19.196.187
1/23/2019,511,Brunicke,gbrunickee6@biglobe.ne.jp,Female,144.2.23.59
3/29/2019,512,Sant,csante7@slate.com,Male,150.157.255.25
9/4/2018,513,Grollmann,hgrollmanne8@miitbeian.gov.cn,Female,244.53.222.246
9/11/2018,514,Venning,ovenninge9@aboutads.info,Female,166.94.133.51
12/18/2018,515,Bruineman,abruinemanea@sfgate.com,Female,86.94.43.98
8/24/2018,516,Phillp,bphillpeb@photobucket.com,Male,200.172.208.201
7/22/2018,517,Adshad,jadshadec@myspace.com,Male,9.12.181.197
12/6/2018,518,Bladge,mbladgeed@china.com.cn,Female,147.220.36.170
4/23/2019,519,Moral,pmoralee@imageshack.us,Female,17.34.193.171
2/14/2019,520,Pettman,spettmanef@state.gov,Male,68.161.1.108
5/19/2019,521,Codi,mcodieg@yelp.com,Male,137.31.8.154
2/2/2019,522,Cock,bcockeh@about.com,Male,127.31.231.154
5/21/2019,523,Lovat,dlovatei@blogger.com,Male,51.42.2.152
12/22/2018,524,Hansel,phanselej@wiley.com,Male,152.105.243.104
11/11/2018,525,Yurmanovev,hyurmanovevek@odnoklassniki.ru,Male,164.53.148.101
2/8/2019,526,Ivanyushkin,nivanyushkinel@ftc.gov,Male,102.171.192.63
7/25/2018,527,Morando,smorandoem@webnode.com,Female,231.141.2.203
2/19/2019,528,Burchall,cburchallen@slate.com,Female,156.20.211.80
11/10/2018,529,Strahan,dstrahaneo@buzzfeed.com,Female,115.250.77.31
8/18/2018,530,Myatt,dmyattep@google.pl,Female,61.155.46.20
12/12/2018,531,Luberti,klubertieq@so-net.ne.jp,Male,126.210.96.47
7/22/2018,532,Mabbitt,lmabbitter@google.co.uk,Male,186.90.82.38
5/30/2019,533,Romera,sromeraes@dropbox.com,Female,107.47.79.196
6/20/2019,534,Brighouse,pbrighouseet@businessinsider.com,Female,122.7.14.53
7/18/2018,535,Vesque,jvesqueeu@pagesperso-orange.fr,Male,119.223.27.117
11/30/2018,536,Kynson,bkynsonev@paypal.com,Female,164.17.205.64
4/29/2019,537,Ortmann,cortmannew@deviantart.com,Male,169.0.9.203
2/21/2019,538,Davidovsky,jdavidovskyex@eepurl.com,Male,150.73.104.19
10/27/2018,539,Pendleberry,lpendleberryey@nymag.com,Male,177.10.199.168
9/29/2018,540,Pristnor,apristnorez@rakuten.co.jp,Female,208.219.174.236
1/9/2019,541,Uglow,huglowf0@kickstarter.com,Female,86.147.242.247
1/10/2019,542,Hebbes,chebbesf1@ucoz.ru,Male,109.207.35.35
12/25/2018,543,Trubshaw,strubshawf2@pen.io,Male,239.15.182.80
8/17/2018,544,Ormes,dormesf3@yandex.ru,Male,64.190.62.126
12/17/2018,545,O'Hanley,kohanleyf4@ovh.net,Male,34.229.111.37
11/11/2018,546,Geggie,dgeggief5@reddit.com,Male,120.68.254.83
5/15/2019,547,Paulisch,gpaulischf6@ucoz.ru,Male,254.250.27.127
12/15/2018,548,Gerran,kgerranf7@php.net,Female,250.203.27.59
5/14/2019,549,Undrell,aundrellf8@dagondesign.com,Female,244.190.204.91
10/6/2018,550,Clayworth,pclayworthf9@hc360.com,Female,118.210.17.7
5/28/2019,551,Starkings,mstarkingsfa@ft.com,Male,229.27.203.135
10/10/2018,552,Jachimak,jjachimakfb@senate.gov,Female,26.25.255.193
9/16/2018,553,Fransewich,afransewichfc@wufoo.com,Female,141.102.209.90
10/6/2018,554,Ledson,dledsonfd@addthis.com,Male,133.152.202.234
9/9/2018,555,Quinnelly,kquinnellyfe@prlog.org,Male,165.171.32.164
4/16/2019,556,Ligerton,dligertonff@yahoo.co.jp,Male,255.166.180.140
3/21/2019,557,Nelissen,snelissenfg@sitemeter.com,Female,197.122.45.25
1/3/2019,558,Rossey,srosseyfh@angelfire.com,Female,85.123.204.31
7/27/2018,559,Lensch,rlenschfi@usda.gov,Female,21.143.236.242
5/12/2019,560,Charrier,fcharrierfj@xinhuanet.com,Female,159.159.101.2
10/16/2018,561,Nannoni,pnannonifk@free.fr,Male,127.95.162.25
11/20/2018,562,Arthars,jartharsfl@diigo.com,Female,182.130.243.225
3/19/2019,563,Planke,gplankefm@weebly.com,Female,68.36.186.143
10/1/2018,564,Bleasdille,jbleasdillefn@china.com.cn,Female,121.212.121.124
10/12/2018,565,Mion,gmionfo@washington.edu,Male,74.53.28.134
2/28/2019,566,Sullens,tsullensfp@si.edu,Female,183.122.24.194
4/15/2019,567,Say,asayfq@simplemachines.org,Male,169.207.140.150
11/27/2018,568,Longcake,jlongcakefr@trellian.com,Male,98.119.23.4
2/20/2019,569,Trump,mtrumpfs@bizjournals.com,Male,195.91.241.100
2/4/2019,570,Mundle,dmundleft@wikimedia.org,Male,221.39.110.220
10/22/2018,571,Sorbie,ssorbiefu@nsw.gov.au,Female,143.176.155.86
8/31/2018,572,Thomelin,hthomelinfv@examiner.com,Female,16.194.217.133
10/13/2018,573,Toyne,ktoynefw@cdbaby.com,Male,5.197.232.98
11/25/2018,574,Turl,cturlfx@ihg.com,Female,241.216.58.182
5/30/2019,575,Fergyson,tfergysonfy@illinois.edu,Male,110.158.24.51
7/17/2018,576,Hedgeman,vhedgemanfz@nhs.uk,Male,33.133.17.193
2/27/2019,577,Rathmell,hrathmellg0@smugmug.com,Male,236.106.1.64
12/13/2018,578,Rance,eranceg1@goo.gl,Female,137.228.230.59
2/25/2019,579,Sylvester,csylvesterg2@shutterfly.com,Female,67.173.137.32
5/6/2019,580,Levine,tlevineg3@blog.com,Male,139.136.237.146
2/14/2019,581,Romeril,fromerilg4@google.cn,Female,89.56.168.229
4/14/2019,582,Chung,uchungg5@webeden.co.uk,Male,213.220.233.9
8/11/2018,583,Staterfield,rstaterfieldg6@prlog.org,Female,144.72.93.81
11/26/2018,584,Creavan,ccreavang7@slate.com,Female,138.141.18.96
8/13/2018,585,Stainbridge,mstainbridgeg8@prnewswire.com,Female,157.81.161.122
10/10/2018,586,Menere,tmenereg9@go.com,Male,124.128.225.93
4/26/2019,587,Kennerknecht,mkennerknechtga@usnews.com,Female,121.8.121.231
2/25/2019,588,Plum,eplumgb@wikia.com,Female,130.16.61.123
4/12/2019,589,Gettings,ggettingsgc@intel.com,Female,11.224.241.247
6/19/2019,590,Sykora,rsykoragd@blinklist.com,Male,66.31.100.49
9/3/2018,591,Berzon,aberzonge@youku.com,Female,64.178.55.29
4/30/2019,592,Assante,kassantegf@purevolume.com,Female,18.17.10.170
6/13/2019,593,Lorman,clormangg@newsvine.com,Female,250.182.210.5
5/22/2019,594,Chaffyn,nchaffyngh@t-online.de,Female,213.104.225.159
8/16/2018,595,McKue,dmckuegi@sbwire.com,Female,197.64.157.230
5/16/2019,596,Neilly,mneillygj@microsoft.com,Male,106.11.17.35
7/26/2018,597,Jubert,ajubertgk@fda.gov,Female,129.2.228.107
4/5/2019,598,Brecher,jbrechergl@usa.gov,Female,26.7.55.67
6/9/2019,599,Swabey,fswabeygm@phpbb.com,Male,169.87.190.13
2/7/2019,600,Mash,wmashgn@vk.com,Female,169.196.86.69
9/29/2018,601,Dyers,bdyersgo@linkedin.com,Male,219.223.172.1
8/26/2018,602,Lumox,mlumoxgp@wix.com,Female,88.5.8.71
2/7/2019,603,Bunning,rbunninggq@bloglovin.com,Female,194.159.232.57
2/19/2019,604,Cohr,scohrgr@multiply.com,Male,246.86.181.139
6/4/2019,605,Giovani,ggiovanigs@aboutads.info,Female,35.238.141.159
8/29/2018,606,Tolotti,ntolottigt@reference.com,Male,121.44.247.0
6/19/2019,607,Mandal,cmandalgu@oaic.gov.au,Female,240.83.226.20
10/22/2018,608,Dennis,tdennisgv@com.com,Female,172.2.114.166
12/8/2018,609,Kitley,gkitleygw@businessinsider.com,Male,10.88.201.145
6/11/2019,610,Luddy,vluddygx@dmoz.org,Female,112.8.5.24
1/28/2019,611,Paladini,bpaladinigy@state.tx.us,Male,23.4.223.29
12/4/2018,612,Andrioni,aandrionigz@patch.com,Female,39.180.7.61
3/14/2019,613,Giacopelo,hgiacopeloh0@usatoday.com,Male,232.112.2.222
10/10/2018,614,Pamphilon,lpamphilonh1@fc2.com,Male,35.73.124.119
4/11/2019,615,Pessel,qpesselh2@loc.gov,Male,94.233.196.109
1/9/2019,616,Masedon,nmasedonh3@mit.edu,Female,178.59.200.99
9/24/2018,617,Mollitt,lmollitth4@multiply.com,Female,218.80.38.175
7/27/2018,618,Courtier,acourtierh5@irs.gov,Female,123.207.197.91
7/14/2018,619,Matys,mmatysh6@china.com.cn,Male,38.234.10.107
7/31/2018,620,Loveday,vlovedayh7@ucoz.ru,Male,34.16.38.141
10/14/2018,621,Binham,rbinhamh8@statcounter.com,Female,172.59.40.27
5/4/2019,622,Chase,mchaseh9@statcounter.com,Female,198.119.205.142
5/25/2019,623,Middup,smiddupha@economist.com,Female,66.201.8.64
10/24/2018,624,Durling,cdurlinghb@state.tx.us,Female,199.135.6.33
12/6/2018,625,Lubeck,mlubeckhc@telegraph.co.uk,Male,160.139.221.220
6/18/2019,626,Valeri,cvalerihd@blogger.com,Female,101.120.80.63
11/29/2018,627,Circuitt,dcircuitthe@rakuten.co.jp,Female,231.126.33.11
10/10/2018,628,Grewe,pgrewehf@biblegateway.com,Female,26.47.3.14
12/11/2018,629,Earlam,bearlamhg@fema.gov,Male,214.26.208.180
6/11/2019,630,Hoodlass,mhoodlasshh@hao123.com,Female,37.31.49.241
1/5/2019,631,Grouse,mgrousehi@cisco.com,Male,80.209.190.165
10/25/2018,632,Petruszka,npetruszkahj@imgur.com,Female,154.208.198.21
11/30/2018,633,Fitzpatrick,dfitzpatrickhk@blinklist.com,Male,12.190.217.51
5/20/2019,634,Chazelas,echazelashl@hao123.com,Female,205.82.246.196
4/6/2019,635,Hulme,khulmehm@hhs.gov,Male,167.127.143.246
7/16/2018,636,Ledner,blednerhn@tiny.cc,Male,169.81.125.250
4/8/2019,637,Pavkovic,rpavkovicho@tripod.com,Female,76.232.51.146
2/26/2019,638,Hanmer,mhanmerhp@japanpost.jp,Female,57.25.212.158
4/19/2019,639,Stainton - Skinn,sstaintonskinnhq@tumblr.com,Female,140.108.241.201
9/24/2018,640,Paterson,npatersonhr@google.pl,Male,124.250.99.22
5/20/2019,641,Exall,mexallhs@unc.edu,Female,44.2.232.222
5/4/2019,642,Espinoy,oespinoyht@imdb.com,Male,49.50.74.213
11/10/2018,643,Arbuckle,larbucklehu@cargocollective.com,Male,224.100.153.105
7/12/2018,644,Warrick,ywarrickhv@1688.com,Female,223.49.247.137
5/27/2019,645,Channer,fchannerhw@imageshack.us,Female,93.133.159.248
10/26/2018,646,Till,ntillhx@mayoclinic.com,Male,211.3.23.138
1/27/2019,647,Risley,jrisleyhy@posterous.com,Female,125.225.83.222
1/8/2019,648,Enrdigo,nenrdigohz@home.pl,Female,140.84.83.216
11/7/2018,649,Amorts,camortsi0@rambler.ru,Male,211.110.19.151
6/18/2019,650,Lambillion,llambillioni1@t.co,Male,149.215.172.28
1/15/2019,651,Mallya,pmallyai2@buzzfeed.com,Male,50.0.10.207
6/25/2018,652,Waryk,iwaryki3@dailymotion.com,Male,6.188.106.25
12/9/2018,653,Roads,lroadsi4@bandcamp.com,Female,251.129.97.213
3/10/2019,654,Bruffell,sbruffelli5@alexa.com,Female,27.195.116.154
2/3/2019,655,Whithorn,ewhithorni6@uiuc.edu,Female,173.123.101.96
12/23/2018,656,Mulbery,gmulberyi7@marriott.com,Female,4.158.142.93
2/12/2019,657,Sutterfield,esutterfieldi8@auda.org.au,Female,80.179.1.123
1/24/2019,658,Maplethorp,emaplethorpi9@rediff.com,Male,101.251.68.178
9/12/2018,659,Warkup,lwarkupia@jiathis.com,Female,128.189.113.113
2/7/2019,660,Ellerington,selleringtonib@who.int,Male,124.67.57.145
4/5/2019,661,Gockelen,lgockelenic@independent.co.uk,Male,153.119.76.119
10/27/2018,662,Bichard,cbichardid@auda.org.au,Male,23.50.189.151
2/24/2019,663,Thowless,bthowlessie@vk.com,Male,51.125.220.79
7/9/2018,664,Munn,fmunnif@de.vu,Male,149.85.224.225
10/17/2018,665,Hatter,jhatterig@nhs.uk,Female,107.63.255.234
9/25/2018,666,Scott,mscottih@etsy.com,Male,249.19.7.49
1/15/2019,667,Bredes,cbredesii@google.ca,Male,48.93.133.191
7/30/2018,668,Condliffe,ocondliffeij@china.com.cn,Female,45.63.187.210
4/2/2019,669,Daughtry,gdaughtryik@vinaora.com,Male,193.19.83.92
11/24/2018,670,Douse,gdouseil@g.co,Male,127.102.107.244
3/21/2019,671,McKew,smckewim@networkadvertising.org,Female,230.156.43.4
12/27/2018,672,Gann,mgannin@networkadvertising.org,Female,207.144.44.187
9/27/2018,673,Carsberg,ecarsbergio@ucsd.edu,Male,203.251.68.203
10/25/2018,674,Knewstub,mknewstubip@irs.gov,Male,138.221.213.104
7/1/2018,675,Lidgerton,clidgertoniq@macromedia.com,Female,94.22.95.218
3/12/2019,676,Ferrero,hferreroir@usa.gov,Male,236.21.41.232
8/3/2018,677,Schuh,gschuhis@washington.edu,Female,133.233.54.110
10/17/2018,678,Billingham,dbillinghamit@umn.edu,Female,15.232.134.27
1/23/2019,679,Deetch,bdeetchiu@deviantart.com,Female,196.200.235.133
9/1/2018,680,Seyler,rseyleriv@zdnet.com,Male,243.64.2.180
7/23/2018,681,Pottage,kpottageiw@4shared.com,Male,237.234.66.136
11/8/2018,682,Rochelle,krochelleix@last.fm,Male,95.174.142.138
8/10/2018,683,Gooders,pgoodersiy@chron.com,Female,57.43.188.255
11/8/2018,684,Messager,kmessageriz@myspace.com,Male,73.7.139.193
11/26/2018,685,Tubble,mtubblej0@edublogs.org,Male,119.188.82.146
10/23/2018,686,Triplow,ctriplowj1@foxnews.com,Female,217.122.53.134
7/2/2018,687,Bromage,cbromagej2@google.com.au,Female,35.235.28.121
8/24/2018,688,Schistl,cschistlj3@sphinn.com,Female,134.87.84.186
12/8/2018,689,Gryglewski,wgryglewskij4@skyrock.com,Female,50.224.108.206
12/12/2018,690,Owlner,cowlnerj5@smugmug.com,Female,205.175.170.14
3/4/2019,691,Alibone,ralibonej6@usnews.com,Female,80.254.73.66
9/29/2018,692,Pendlebury,fpendleburyj7@discuz.net,Female,115.253.250.44
7/21/2018,693,Steptowe,nsteptowej8@mlb.com,Male,133.243.87.220
5/27/2019,694,Forty,cfortyj9@oracle.com,Male,29.83.38.173
9/30/2018,695,Madine,hmadineja@hexun.com,Male,69.122.92.132
5/14/2019,696,Hawyes,ehawyesjb@prweb.com,Female,249.189.25.17
6/3/2019,697,Crasford,rcrasfordjc@rambler.ru,Male,85.242.43.160
9/10/2018,698,Mousdall,gmousdalljd@salon.com,Female,217.86.113.18
9/30/2018,699,Mateo,hmateoje@twitter.com,Male,41.246.207.153
3/10/2019,700,Wareing,dwareingjf@cmu.edu,Female,212.4.170.106
1/3/2019,701,Dunnan,udunnanjg@360.cn,Male,15.209.70.188
6/6/2019,702,O'Dougherty,jodoughertyjh@seattletimes.com,Female,37.48.80.199
8/21/2018,703,Bernardinelli,kbernardinelliji@geocities.com,Male,236.71.210.181
10/24/2018,704,MacVaugh,smacvaughjj@4shared.com,Male,57.147.37.251
9/27/2018,705,Eadmeads,beadmeadsjk@nationalgeographic.com,Male,163.68.221.148
6/12/2019,706,Brinklow,sbrinklowjl@buzzfeed.com,Male,42.81.96.29
9/18/2018,707,Woolhouse,ewoolhousejm@spotify.com,Male,245.113.156.135
3/11/2019,708,Skelington,tskelingtonjn@technorati.com,Male,176.112.126.217
1/13/2019,709,Franciskiewicz,ofranciskiewiczjo@amazon.de,Male,127.106.87.154
11/22/2018,710,Friett,cfriettjp@dagondesign.com,Male,173.188.99.116
1/11/2019,711,Ancell,sancelljq@storify.com,Female,250.223.187.239
10/23/2018,712,Lyokhin,vlyokhinjr@youtu.be,Male,27.181.239.245
3/3/2019,713,Ketton,akettonjs@ucoz.com,Male,28.167.44.98
8/14/2018,714,Eytel,leyteljt@mozilla.com,Male,83.163.237.96
9/9/2018,715,Conradie,mconradieju@printfriendly.com,Male,232.173.194.121
1/9/2019,716,Lamberteschi,alamberteschijv@bizjournals.com,Male,43.178.229.148
10/9/2018,717,Bonnin,mbonninjw@cnet.com,Male,19.117.156.82
7/21/2018,718,Fullbrook,afullbrookjx@hexun.com,Female,201.170.42.95
12/10/2018,719,Claughton,eclaughtonjy@quantcast.com,Female,209.140.155.110
3/13/2019,720,Spenclay,cspenclayjz@google.com,Male,89.132.173.94
7/3/2018,721,Bunning,dbunningk0@adobe.com,Female,35.49.118.62
6/21/2019,722,Deniscke,ddenisckek1@wsj.com,Male,61.84.14.241
2/11/2019,723,Meyrick,lmeyrickk2@harvard.edu,Male,8.4.90.17
11/28/2018,724,Senchenko,jsenchenkok3@alibaba.com,Male,142.18.88.7
9/26/2018,725,Thornewill,jthornewillk4@gizmodo.com,Female,120.70.238.60
2/2/2019,726,Anthill,janthillk5@reverbnation.com,Female,140.159.236.142
7/15/2018,727,Twinborough,gtwinboroughk6@washingtonpost.com,Female,108.182.214.105
1/24/2019,728,Womersley,mwomersleyk7@webnode.com,Male,125.132.106.117
6/8/2019,729,Cudbertson,vcudbertsonk8@oracle.com,Female,95.145.186.85
8/12/2018,730,Tilte,stiltek9@google.co.uk,Male,95.236.78.203
5/5/2019,731,Crittal,gcrittalka@icq.com,Female,203.149.189.16
4/3/2019,732,Bouttell,rbouttellkb@mysql.com,Female,214.184.132.201
4/5/2019,733,Godwyn,ggodwynkc@wikimedia.org,Male,182.60.46.158
11/24/2018,734,Sciacovelli,nsciacovellikd@google.cn,Male,193.30.158.238
4/1/2019,735,Moorwood,wmoorwoodke@mac.com,Female,201.35.13.238
5/19/2019,736,Rodrigues,hrodrigueskf@wikia.com,Female,63.126.68.78
8/14/2018,737,Kuhlen,nkuhlenkg@phpbb.com,Female,245.87.11.221
5/15/2019,738,Surgood,wsurgoodkh@sina.com.cn,Female,211.210.23.15
5/13/2019,739,Collman,tcollmanki@opensource.org,Female,38.211.112.60
3/14/2019,740,Petyakov,dpetyakovkj@bigcartel.com,Male,20.201.192.143
1/10/2019,741,MacCahey,tmaccaheykk@multiply.com,Male,109.182.57.158
9/6/2018,742,Levis,pleviskl@facebook.com,Female,111.175.20.118
7/22/2018,743,Carpmile,mcarpmilekm@engadget.com,Female,35.191.142.58
8/31/2018,744,Reuble,ereublekn@netscape.com,Male,50.35.133.223
12/25/2018,745,Corkish,ocorkishko@state.gov,Male,181.48.20.128
11/4/2018,746,Kabsch,bkabschkp@dailymail.co.uk,Female,210.166.37.247
11/14/2018,747,Nend,cnendkq@1und1.de,Female,88.56.72.239
8/16/2018,748,Boor,gboorkr@prnewswire.com,Female,168.195.51.243
3/16/2019,749,Joynson,mjoynsonks@unblog.fr,Female,201.93.178.182
8/8/2018,750,Collinwood,tcollinwoodkt@shareasale.com,Female,162.70.115.81
10/30/2018,751,Tures,nturesku@npr.org,Female,248.72.102.55
2/22/2019,752,Lount,alountkv@etsy.com,Female,226.114.44.180
8/17/2018,753,Tokell,htokellkw@latimes.com,Female,69.84.21.11
5/6/2019,754,Thorbon,wthorbonkx@ox.ac.uk,Male,159.5.40.115
1/2/2019,755,Cabena,mcabenaky@epa.gov,Female,253.40.87.159
3/6/2019,756,Lanchbury,hlanchburykz@dropbox.com,Female,33.186.224.191
9/3/2018,757,Benbough,gbenboughl0@google.de,Female,122.52.95.208
3/7/2019,758,Wadham,mwadhaml1@unicef.org,Female,145.153.15.143
3/31/2019,759,Hourican,ghouricanl2@mashable.com,Female,103.135.214.92
3/15/2019,760,Fownes,mfownesl3@statcounter.com,Female,12.158.90.252
6/23/2018,761,Ravilious,draviliousl4@indiatimes.com,Male,172.28.30.196
10/3/2018,762,Moorey,mmooreyl5@cbc.ca,Male,130.69.93.8
10/16/2018,763,Murton,smurtonl6@amazon.co.jp,Female,73.155.21.123
9/12/2018,764,Cady,ccadyl7@fc2.com,Female,2.206.122.155
8/9/2018,765,Minchin,iminchinl8@cloudflare.com,Female,219.224.152.211
5/25/2019,766,McNuff,gmcnuffl9@nih.gov,Male,252.146.4.189
10/21/2018,767,Ofen,cofenla@cnbc.com,Female,140.145.171.210
10/10/2018,768,Birrell,abirrelllb@uiuc.edu,Male,88.152.55.7
12/30/2018,769,McQuaid,tmcquaidlc@blogs.com,Male,56.68.51.36
7/16/2018,770,Santer,esanterld@globo.com,Male,230.132.127.228
2/23/2019,771,Currer,vcurrerle@w3.org,Male,156.48.152.25
12/18/2018,772,Reuter,treuterlf@about.com,Male,51.157.74.93
10/27/2018,773,Karim,wkarimlg@arstechnica.com,Female,229.11.171.23
3/28/2019,774,Folds,mfoldslh@mail.ru,Male,108.8.77.47
6/25/2018,775,Mardee,kmardeeli@state.tx.us,Female,136.54.73.255
1/1/2019,776,Wessing,awessinglj@cargocollective.com,Male,53.122.134.169
3/29/2019,777,Bernardes,dbernardeslk@hugedomains.com,Male,246.172.18.199
2/4/2019,778,Suttle,asuttlell@prweb.com,Male,179.201.52.195
9/21/2018,779,Ragge,draggelm@w3.org,Male,72.181.206.88
2/10/2019,780,Bakey,tbakeyln@state.tx.us,Male,135.242.42.154
11/1/2018,781,Booler,nboolerlo@dell.com,Male,226.79.130.102
1/14/2019,782,Linger,klingerlp@tumblr.com,Male,227.211.172.192
5/12/2019,783,Jemmett,gjemmettlq@edublogs.org,Female,197.191.224.245
4/17/2019,784,Bowley,vbowleylr@huffingtonpost.com,Male,221.58.26.93
11/8/2018,785,Trewman,jtrewmanls@skype.com,Female,241.120.160.175
5/17/2019,786,Gjerde,kgjerdelt@princeton.edu,Male,214.28.149.43
7/9/2018,787,Digg,kdigglu@ebay.com,Male,130.235.120.128
3/8/2019,788,Faltskog,efaltskoglv@nationalgeographic.com,Male,233.32.57.213
7/25/2018,789,Dupree,cdupreelw@symantec.com,Male,188.29.25.99
3/28/2019,790,Kingscote,okingscotelx@yellowpages.com,Male,54.77.6.58
3/19/2019,791,Probey,gprobeyly@storify.com,Male,204.178.210.203
12/11/2018,792,Cartmer,gcartmerlz@mapquest.com,Female,59.99.157.3
9/8/2018,793,Lovell,dlovellm0@ask.com,Female,82.120.171.243
11/28/2018,794,Lankford,hlankfordm1@prweb.com,Male,129.150.96.215
5/19/2019,795,Christophersen,achristophersenm2@tmall.com,Female,14.195.6.229
10/13/2018,796,Fforde,affordem3@whitehouse.gov,Male,44.157.128.27
10/22/2018,797,Gronowe,rgronowem4@cyberchimps.com,Male,220.203.16.128
1/11/2019,798,Makin,smakinm5@smh.com.au,Female,113.64.22.98
3/28/2019,799,Schnitter,wschnitterm6@prlog.org,Female,202.142.140.158
4/21/2019,800,Kasher,gkasherm7@arstechnica.com,Male,146.78.30.20
2/17/2019,801,Oakshott,roakshottm8@stanford.edu,Male,2.194.87.168
8/15/2018,802,Beebis,bbeebism9@simplemachines.org,Male,250.120.100.164
7/13/2018,803,Ramsay,aramsayma@gravatar.com,Male,160.139.194.255
3/7/2019,804,Axcel,eaxcelmb@psu.edu,Female,54.3.4.139
8/4/2018,805,Heavyside,cheavysidemc@comcast.net,Female,207.151.214.21
2/26/2019,806,Renhard,lrenhardmd@mozilla.org,Male,147.40.111.141
11/28/2018,807,Stallwood,mstallwoodme@amazon.com,Male,172.88.147.251
2/22/2019,808,Mendes,dmendesmf@typepad.com,Female,243.108.141.43
1/6/2019,809,Coneron,rconeronmg@cyberchimps.com,Female,141.90.117.96
8/31/2018,810,Parrett,lparrettmh@time.com,Male,101.111.186.135
11/8/2018,811,Radband,rradbandmi@vimeo.com,Male,59.37.137.109
11/18/2018,812,Connechie,iconnechiemj@elpais.com,Female,211.158.25.167
2/17/2019,813,Mocher,bmochermk@list-manage.com,Male,86.112.165.54
12/31/2018,814,Thomelin,ithomelinml@1und1.de,Male,47.168.123.144
9/2/2018,815,Dewberry,cdewberrymm@paginegialle.it,Male,145.157.14.59
3/12/2019,816,Asgodby,kasgodbymn@t-online.de,Female,78.82.27.41
3/4/2019,817,Gasken,agaskenmo@t.co,Male,98.18.237.165
8/29/2018,818,Pherps,apherpsmp@fema.gov,Female,213.96.242.226
11/3/2018,819,Sandhill,jsandhillmq@t-online.de,Female,128.135.210.103
6/14/2019,820,Ferrino,mferrinomr@omniture.com,Male,151.197.187.245
12/29/2018,821,Berthomieu,sberthomieums@sbwire.com,Female,82.170.12.106
4/15/2019,822,Heasman,lheasmanmt@typepad.com,Male,115.135.155.145
12/24/2018,823,Barttrum,gbarttrummu@mapy.cz,Male,93.112.9.234
9/6/2018,824,Siney,csineymv@sciencedirect.com,Male,250.172.166.112
7/21/2018,825,Gallo,mgallomw@mashable.com,Female,157.165.248.104
4/24/2019,826,Faraker,afarakermx@blog.com,Female,14.5.253.172
7/14/2018,827,Blaxland,rblaxlandmy@sbwire.com,Male,224.133.86.253
1/27/2019,828,Coleyshaw,jcoleyshawmz@mail.ru,Male,186.7.20.217
9/6/2018,829,Brechin,abrechinn0@google.co.jp,Female,159.127.93.110
8/24/2018,830,Exposito,sexpositon1@disqus.com,Male,59.0.3.167
6/10/2019,831,Bruckner,bbrucknern2@studiopress.com,Male,195.73.33.20
11/28/2018,832,Ricard,ericardn3@wired.com,Female,251.244.116.215
1/31/2019,833,Blackston,jblackstonn4@ebay.com,Female,215.219.136.212
2/17/2019,834,Thunderchief,mthunderchiefn5@omniture.com,Male,174.165.34.48
9/7/2018,835,Jacmar,ajacmarn6@webs.com,Female,235.170.80.231
3/31/2019,836,Cregan,gcregann7@wikimedia.org,Female,35.61.68.138
2/21/2019,837,Cereceres,ccereceresn8@reuters.com,Female,67.32.31.255
6/15/2019,838,Crangle,ncranglen9@jimdo.com,Male,90.222.40.129
1/16/2019,839,Sauvain,ksauvainna@barnesandnoble.com,Female,21.51.190.67
10/9/2018,840,Southby,asouthbynb@typepad.com,Female,253.218.212.30
2/15/2019,841,Pamphilon,tpamphilonnc@ibm.com,Female,56.46.118.51
4/15/2019,842,Clutterham,zclutterhamnd@usgs.gov,Male,222.230.27.60
10/20/2018,843,Espadate,pespadatene@goo.ne.jp,Male,193.67.70.106
4/4/2019,844,Oblein,sobleinnf@pcworld.com,Female,21.141.69.60
5/15/2019,845,Grunwald,mgrunwaldng@amazonaws.com,Male,202.131.20.158
4/26/2019,846,Tutton,mtuttonnh@earthlink.net,Male,222.197.103.76
9/6/2018,847,Bode,dbodeni@wikimedia.org,Female,134.197.108.1
6/13/2019,848,Joiner,djoinernj@archive.org,Female,155.4.114.13
6/21/2019,849,Manuelli,smanuellink@whitehouse.gov,Female,108.67.118.130
8/22/2018,850,Bedward,cbedwardnl@weather.com,Female,112.95.175.145
4/8/2019,851,Lepick,alepicknm@earthlink.net,Male,65.56.17.114
11/8/2018,852,Staves,kstavesnn@hp.com,Male,103.19.220.35
8/31/2018,853,Sidney,gsidneyno@timesonline.co.uk,Female,13.244.153.54
9/23/2018,854,Doogood,fdoogoodnp@spiegel.de,Male,5.212.51.152
4/10/2019,855,Riatt,briattnq@bizjournals.com,Male,182.83.81.183
7/13/2018,856,Gyles,mgylesnr@dyndns.org,Male,82.189.76.136
2/11/2019,857,Ilewicz,nilewiczns@123-reg.co.uk,Female,128.234.67.72
4/10/2019,858,Iban,wibannt@cbsnews.com,Male,236.49.191.39
5/6/2019,859,Eby,jebynu@dot.gov,Male,230.21.83.36
11/23/2018,860,Howood,ahowoodnv@usatoday.com,Female,39.186.116.166
3/25/2019,861,Greenlies,pgreenliesnw@lycos.com,Male,219.32.74.222
9/14/2018,862,Mullane,tmullanenx@discuz.net,Male,203.153.65.224
3/17/2019,863,Clemett,cclemettny@europa.eu,Male,143.245.30.179
3/13/2019,864,Pactat,ppactatnz@forbes.com,Female,85.241.231.102
6/25/2018,865,Gerin,sgerino0@ftc.gov,Female,150.151.2.191
6/28/2018,866,Heynen,fheyneno1@paginegialle.it,Male,93.222.119.170
11/16/2018,867,Yerrington,nyerringtono2@domainmarket.com,Female,2.57.38.116
4/2/2019,868,Sheals,tshealso3@cyberchimps.com,Female,115.254.32.126
10/19/2018,869,Scotland,dscotlando4@surveymonkey.com,Female,131.41.227.153
5/26/2019,870,Lapwood,alapwoodo5@webnode.com,Male,205.190.114.65
6/2/2019,871,Boughtwood,gboughtwoodo6@baidu.com,Male,97.212.39.201
1/4/2019,872,Haysey,bhayseyo7@printfriendly.com,Male,117.22.20.122
10/20/2018,873,Cabbell,acabbello8@ihg.com,Female,230.250.92.248
9/25/2018,874,Sibbert,ssibberto9@constantcontact.com,Female,70.137.216.68
1/3/2019,875,Joret,tjoretoa@ocn.ne.jp,Female,128.173.147.17
7/24/2018,876,Lepope,clepopeob@delicious.com,Male,64.97.126.66
2/7/2019,877,Moscone,gmosconeoc@shinystat.com,Female,241.139.61.60
9/3/2018,878,Novic,dnovicod@fastcompany.com,Female,249.117.170.125
6/29/2018,879,Pyke,bpykeoe@moonfruit.com,Male,101.131.211.245
2/23/2019,880,Weinberg,oweinbergof@nba.com,Male,35.189.56.170
2/1/2019,881,Tellenbach,ntellenbachog@rakuten.co.jp,Male,188.243.237.63
6/5/2019,882,Klemmt,eklemmtoh@forbes.com,Female,244.148.25.190
8/8/2018,883,Dermott,gdermottoi@businessinsider.com,Male,187.244.15.216
3/16/2019,884,Shurlock,ashurlockoj@purevolume.com,Female,90.93.191.148
4/24/2019,885,Buzza,pbuzzaok@pbs.org,Female,171.37.235.64
3/13/2019,886,Lishmund,llishmundol@home.pl,Male,155.195.234.151
8/30/2018,887,Lakes,clakesom@usnews.com,Female,2.30.110.107
10/31/2018,888,Woodhead,gwoodheadon@ocn.ne.jp,Male,206.243.64.43
8/21/2018,889,Winks,twinksoo@i2i.jp,Female,165.70.87.146
12/2/2018,890,Koene,ukoeneop@amazon.co.uk,Female,31.10.169.228
8/27/2018,891,Vigors,dvigorsoq@squidoo.com,Female,48.77.145.48
11/22/2018,892,Breckon,mbreckonor@fc2.com,Male,60.233.68.204
6/4/2019,893,Zolini,lzolinios@go.com,Female,13.44.126.22
9/15/2018,894,Grafham,agrafhamot@accuweather.com,Female,50.88.191.124
8/5/2018,895,Weild,aweildou@epa.gov,Female,79.115.148.60
1/22/2019,896,Brunon,fbrunonov@phpbb.com,Male,110.108.171.210
3/5/2019,897,Bawdon,rbawdonow@cnbc.com,Female,184.163.142.190
7/3/2018,898,Gainsborough,dgainsboroughox@jigsy.com,Female,239.13.226.2
8/28/2018,899,Catherine,ccatherineoy@bbc.co.uk,Female,161.73.76.232
5/21/2019,900,McMeeking,kmcmeekingoz@godaddy.com,Female,42.246.127.251
1/23/2019,901,Maton,mmatonp0@netvibes.com,Female,214.255.212.61
10/19/2018,902,Reasun,rreasunp1@fotki.com,Male,65.38.44.116
6/19/2019,903,Creffeild,screffeildp2@weebly.com,Female,42.166.228.245
9/6/2018,904,Pracy,tpracyp3@hc360.com,Female,17.134.9.108
9/8/2018,905,Winfield,rwinfieldp4@amazon.de,Female,225.121.8.251
5/20/2019,906,Insoll,dinsollp5@nyu.edu,Male,154.51.243.220
5/6/2019,907,Moehler,gmoehlerp6@tiny.cc,Female,124.17.211.241
6/13/2019,908,Withringten,dwithringtenp7@blogtalkradio.com,Female,13.128.226.219
6/16/2019,909,Ingree,aingreep8@imageshack.us,Female,43.223.155.82
4/2/2019,910,Jestico,rjesticop9@nih.gov,Male,182.224.126.116
5/1/2019,911,Roast,croastpa@hugedomains.com,Female,252.108.250.159
12/6/2018,912,Dymott,rdymottpb@timesonline.co.uk,Female,251.98.80.40
11/16/2018,913,Giovannini,jgiovanninipc@youtu.be,Female,172.154.78.187
8/29/2018,914,Verman,mvermanpd@mashable.com,Male,16.159.24.58
8/26/2018,915,Krolman,kkrolmanpe@hatena.ne.jp,Female,231.59.222.66
6/6/2019,916,Vasyukhnov,evasyukhnovpf@soundcloud.com,Female,9.129.244.165
6/10/2019,917,Yancey,jyanceypg@walmart.com,Female,133.18.106.199
10/27/2018,918,Boyland,bboylandph@squidoo.com,Female,181.218.109.100
2/5/2019,919,Brabbs,abrabbspi@de.vu,Male,145.140.213.176
10/18/2018,920,Lenoir,klenoirpj@delicious.com,Female,202.106.116.6
7/8/2018,921,Knobell,bknobellpk@ocn.ne.jp,Male,57.143.12.163
2/5/2019,922,Shambrook,hshambrookpl@smh.com.au,Female,7.130.78.149
8/19/2018,923,Lofthouse,vlofthousepm@ustream.tv,Female,30.63.251.249
3/26/2019,924,Hupka,thupkapn@issuu.com,Male,114.210.181.234
5/28/2019,925,Haugeh,ghaugehpo@pagesperso-orange.fr,Male,144.211.213.145
8/13/2018,926,Brunsden,nbrunsdenpp@google.ru,Male,203.171.7.135
11/6/2018,927,Gathercoal,rgathercoalpq@auda.org.au,Female,21.122.80.66
7/23/2018,928,Putson,aputsonpr@patch.com,Female,18.9.92.241
4/2/2019,929,Killingsworth,qkillingsworthps@home.pl,Male,184.81.239.13
8/5/2018,930,Trimble,gtrimblept@typepad.com,Male,62.180.136.229
10/11/2018,931,Shorthill,rshorthillpu@smh.com.au,Female,87.178.29.60
10/22/2018,932,Rosenfrucht,irosenfruchtpv@omniture.com,Male,6.161.254.254
11/9/2018,933,Beagles,abeaglespw@unc.edu,Female,214.207.120.135
10/21/2018,934,Tooze,ctoozepx@cpanel.net,Male,197.25.232.238
1/19/2019,935,Papierz,hpapierzpy@nature.com,Female,0.151.229.209
7/11/2018,936,Windress,wwindresspz@smugmug.com,Male,221.161.237.178
10/31/2018,937,Linsey,flinseyq0@auda.org.au,Male,26.163.68.248
10/25/2018,938,Cestard,kcestardq1@yellowbook.com,Male,52.221.206.231
12/23/2018,939,Matzen,amatzenq2@soundcloud.com,Female,244.103.201.162
3/3/2019,940,Brunetti,jbrunettiq3@dedecms.com,Male,144.197.191.173
5/18/2019,941,Crinion,tcrinionq4@lulu.com,Female,163.227.239.23
12/9/2018,942,Brockton,sbrocktonq5@uiuc.edu,Female,48.91.71.120
6/11/2019,943,Sommerling,tsommerlingq6@cocolog-nifty.com,Female,110.188.124.152
6/8/2019,944,Pontin,tpontinq7@cafepress.com,Male,24.51.109.159
8/15/2018,945,Gilliat,rgilliatq8@reference.com,Female,25.227.27.134
1/16/2019,946,Shillan,fshillanq9@dagondesign.com,Female,93.238.197.130
10/26/2018,947,Llewellen,bllewellenqa@nih.gov,Female,156.143.88.122
11/24/2018,948,Coult,pcoultqb@themeforest.net,Male,214.120.247.76
12/18/2018,949,Hammerson,khammersonqc@mayoclinic.com,Female,190.211.180.55
10/23/2018,950,Rolingson,crolingsonqd@youtu.be,Male,131.229.163.236
1/25/2019,951,Rock,rrockqe@amazon.de,Male,17.79.254.55
10/11/2018,952,Sapson,gsapsonqf@clickbank.net,Female,155.108.217.160
1/9/2019,953,Sanbrook,dsanbrookqg@nationalgeographic.com,Male,145.241.137.189
9/25/2018,954,Hilling,fhillingqh@cargocollective.com,Male,130.241.158.39
12/20/2018,955,Brewitt,nbrewittqi@gravatar.com,Female,40.161.74.210
10/14/2018,956,Dayer,mdayerqj@yellowbook.com,Female,102.12.19.234
6/29/2018,957,Andric,aandricqk@comcast.net,Male,188.218.251.154
9/12/2018,958,Ibbitson,dibbitsonql@pcworld.com,Male,108.108.168.198
12/3/2018,959,Coldtart,acoldtartqm@harvard.edu,Female,59.115.141.199
8/13/2018,960,Delacourt,adelacourtqn@surveymonkey.com,Female,246.86.97.255
4/3/2019,961,Sturror,jsturrorqo@elpais.com,Male,223.23.16.94
3/25/2019,962,Mawby,gmawbyqp@wikimedia.org,Male,121.139.208.7
12/24/2018,963,Elsmere,velsmereqq@tinyurl.com,Female,229.89.59.212
7/21/2018,964,Drust,cdrustqr@list-manage.com,Male,255.36.249.222
3/21/2019,965,Herreros,kherrerosqs@jiathis.com,Female,74.183.25.193
2/23/2019,966,Allchin,sallchinqt@typepad.com,Male,94.58.253.212
9/29/2018,967,Dulinty,bdulintyqu@barnesandnoble.com,Male,81.6.168.16
8/6/2018,968,Leheude,sleheudeqv@hubpages.com,Male,87.216.216.220
5/19/2019,969,Emmitt,lemmittqw@accuweather.com,Male,8.211.17.28
8/26/2018,970,Acedo,cacedoqx@independent.co.uk,Male,57.75.209.181
1/10/2019,971,Coupe,kcoupeqy@theguardian.com,Female,252.84.253.11
4/15/2019,972,Corless,tcorlessqz@ft.com,Male,10.205.203.107
1/5/2019,973,Lantoph,flantophr0@alibaba.com,Male,121.90.185.8
5/12/2019,974,Lowder,jlowderr1@google.nl,Male,4.62.8.42
4/15/2019,975,Kohnen,nkohnenr2@de.vu,Male,184.162.252.250
5/20/2019,976,Maynard,smaynardr3@addthis.com,Female,105.7.162.134
7/19/2018,977,Lindberg,wlindbergr4@washingtonpost.com,Male,148.126.140.37
10/28/2018,978,McLugish,kmclugishr5@reverbnation.com,Female,31.6.136.26
8/6/2018,979,O'Halleghane,aohalleghaner6@earthlink.net,Female,150.182.16.91
12/17/2018,980,Dudny,mdudnyr7@umn.edu,Male,173.173.60.240
1/5/2019,981,Amps,jampsr8@boston.com,Female,171.159.139.119
3/9/2019,982,Murden,nmurdenr9@slideshare.net,Male,75.230.209.70
4/10/2019,983,Millthorpe,fmillthorpera@mac.com,Female,68.214.188.219
11/8/2018,984,Lehenmann,klehenmannrb@posterous.com,Male,213.23.231.110
2/27/2019,985,Axby,jaxbyrc@msu.edu,Male,40.31.59.192
11/24/2018,986,Ashmore,gashmorerd@businesswire.com,Female,105.31.190.195
9/27/2018,987,Headan,rheadanre@reverbnation.com,Female,204.203.16.155
11/9/2018,988,Padwick,dpadwickrf@vinaora.com,Male,76.61.72.243
3/7/2019,989,Mallebone,dmallebonerg@squidoo.com,Male,8.41.177.157
7/2/2018,990,Grivori,ggrivorirh@wix.com,Female,202.143.190.85
4/20/2019,991,McTrustram,lmctrustramri@clickbank.net,Male,20.196.16.60
4/20/2019,992,Bernadon,mbernadonrj@zimbio.com,Male,72.205.221.4
2/5/2019,993,Valek,dvalekrk@wordpress.com,Male,49.89.184.109
10/6/2018,994,Judgkins,njudgkinsrl@wikia.com,Female,222.56.112.69
5/22/2019,995,Peyto,gpeytorm@163.com,Male,154.27.65.42
4/5/2019,996,Jenking,ejenkingrn@youtu.be,Male,18.229.159.91
12/9/2018,997,Bourcq,bbourcqro@ihg.com,Male,9.93.61.23
10/11/2018,998,Leman,ilemanrp@webeden.co.uk,Female,160.119.211.87
8/28/2018,999,Godney,lgodneyrq@deviantart.com,Male,96.37.97.10
10/4/2018,1000,Geaveny,ageavenyrr@msu.edu,Male,201.30.154.23
